{
	"data": [
		{
			"dir": "/sdcard/tieba",
			"sdt": 0,
			"sizeSet": {
				"maxSize": 0,
				"minSize": 0
			},
			"color": "#ffeb3b",
			"moshi": []
		},
		{
			"dir": "/sdcard/Download",
			"sdt": 2,
			"sizeSet": {
				"maxSize": 0,
				"minSize": 0
			},
			"color": "#78909c",
			"moshi": []
		},
		{
			"dir": "/sdcard/pixiv",
			"sdt": 0,
			"sizeSet": {
				"maxSize": 0,
				"minSize": 0
			},
			"color": "#ffeb3b",
			"moshi": []
		}
	],
	"moshi": [
		{
			"name": [
				"bmp",
				"jpg",
				"gif",
				"png",
				"jpeg",
				""
			],
			"tofile": "/sdcard/Pictures",
			"color": "#7e57c2"
		},
		{
			"name": [
				"wav",
				"mp3",
				"wma",
				"ogg",
				"flac",
				"aac"
			],
			"tofile": "/sdcard/Music",
			"color": "#00bcd4"
		},
		{
			"name": [
				"avi",
				"mov",
				"rmvb",
				"rm",
				"flv",
				"mp4",
				"3gp"
			],
			"tofile": "/sdcard/Movies",
			"color": "#2196f3"
		}
	],
	"iofile": false,
	"ismedia": true
}